-- Complete PantryMind Sample Data for Presentation

-- Inventory Items (35 items) - Updated for low stock alerts
INSERT INTO inventory (id, name, normalized_name, category_id, unit_id, kitchen_id, total_quantity, item_count, min_stock, created_at, updated_at) VALUES
(1, 'Milk', 'milk', 1, 4, 1, 800, 24, 1500, '2024-01-01', '2024-12-10'),
(2, 'Cheese', 'cheese', 1, 2, 1, 200, 18, 800, '2024-01-01', '2024-12-10'),
(3, 'Yogurt', 'yogurt', 1, 5, 1, 3, 36, 15, '2024-01-01', '2024-12-10'),
(4, 'Butter', 'butter', 1, 2, 1, 150, 15, 500, '2024-01-01', '2024-12-10'),
(5, 'Eggs', 'eggs', 1, 6, 1, 2, 24, 12, '2024-01-01', '2024-12-10'),
(6, 'Tomatoes', 'tomatoes', 2, 1, 1, 800, 52, 2000, '2024-01-01', '2024-12-10'),
(7, 'Onions', 'onions', 2, 1, 1, 1500, 26, 5000, '2024-01-01', '2024-12-10'),
(8, 'Potatoes', 'potatoes', 2, 1, 1, 2000, 24, 8000, '2024-01-01', '2024-12-10'),
(9, 'Carrots', 'carrots', 2, 1, 1, 500, 36, 2000, '2024-01-01', '2024-12-10'),
(10, 'Bell Peppers', 'bell peppers', 2, 5, 1, 3, 52, 15, '2024-01-01', '2024-12-10'),
(11, 'Spinach', 'spinach', 2, 2, 1, 100, 24, 800, '2024-01-01', '2024-12-10'),
(12, 'Broccoli', 'broccoli', 2, 5, 1, 1, 24, 10, '2024-01-01', '2024-12-10'),
(13, 'Apples', 'apples', 3, 1, 1, 1200, 26, 4000, '2024-01-01', '2024-12-10'),
(14, 'Bananas', 'bananas', 3, 5, 1, 8, 52, 25, '2024-01-01', '2024-12-10'),
(15, 'Oranges', 'oranges', 3, 1, 1, 500, 30, 2000, '2024-01-01', '2024-12-10'),
(16, 'Grapes', 'grapes', 3, 2, 1, 300, 20, 1500, '2024-01-01', '2024-12-10'),
(17, 'Strawberries', 'strawberries', 3, 2, 1, 100, 15, 600, '2024-01-01', '2024-12-10'),
(18, 'Chicken Breast', 'chicken breast', 4, 1, 1, 800, 24, 2500, '2024-01-01', '2024-12-10'),
(19, 'Ground Beef', 'ground beef', 4, 1, 1, 600, 18, 2000, '2024-01-01', '2024-12-10'),
(20, 'Salmon', 'salmon', 4, 1, 1, 300, 12, 1200, '2024-01-01', '2024-12-10'),
(21, 'Bacon', 'bacon', 4, 2, 1, 200, 15, 1000, '2024-01-01', '2024-12-10'),
(22, 'Rice', 'rice', 5, 1, 1, 3000, 10, 15000, '2024-01-01', '2024-12-10'),
(23, 'Pasta', 'pasta', 5, 2, 1, 800, 20, 3000, '2024-01-01', '2024-12-10'),
(24, 'Bread', 'bread', 5, 5, 1, 2, 52, 8, '2024-01-01', '2024-12-10'),
(25, 'Flour', 'flour', 5, 1, 1, 1000, 8, 3500, '2024-01-01', '2024-12-10'),
(26, 'Oats', 'oats', 5, 2, 1, 400, 12, 1500, '2024-01-01', '2024-12-10'),
(27, 'Coffee', 'coffee', 6, 2, 1, 300, 12, 1200, '2024-01-01', '2024-12-10'),
(28, 'Tea', 'tea', 6, 5, 1, 25, 24, 150, '2024-01-01', '2024-12-10'),
(29, 'Orange Juice', 'orange juice', 6, 4, 1, 500, 24, 2500, '2024-01-01', '2024-12-10'),
(30, 'Olive Oil', 'olive oil', 10, 3, 1, 300, 8, 1200, '2024-01-01', '2024-12-10'),
(31, 'Salt', 'salt', 9, 2, 1, 800, 4, 1500, '2024-01-01', '2024-12-10'),
(32, 'Black Pepper', 'black pepper', 9, 2, 1, 50, 6, 150, '2024-01-01', '2024-12-10'),
(33, 'Garlic', 'garlic', 2, 2, 1, 80, 24, 300, '2024-01-01', '2024-12-10'),
(34, 'Ginger', 'ginger', 2, 2, 1, 40, 24, 200, '2024-01-01', '2024-12-10'),
(35, 'Lemon', 'lemon', 3, 5, 1, 5, 24, 20, '2024-01-01', '2024-12-10');

-- Inventory Item Data with future expiry dates
INSERT INTO inventory_item
 (id, inventory_id, current_quantity, is_active, original_quantity, price, created_at, created_by, expiry_date, location_id, description, status)
 VALUES
 (1, 1, 300.00, true, 500.00, 40.00, '2024-01-02 09:30:00', 1, '2026-02-10', 1, 'Fresh milk batch 1', 'FRESH'),
 (2, 1, 450.00, true, 500.00, 42.00, '2024-01-09 10:30:00', 2, '2026-02-28', 1, 'Fresh milk batch 2', 'FRESH'),
 (3, 2, 150.00, true, 250.00, 140.00, '2024-02-02 11:00:00', 1, '2026-06-15', 1, 'Cheddar cheese', 'FRESH'),
 (4, 3, 2.00, true, 6.00, 90.00, '2024-02-03 10:15:00', 2, '2026-03-20', 1, 'Greek yogurt', 'FRESH'),
 (5, 4, 100.00, true, 250.00, 150.00, '2024-07-03 10:45:00', 2, '2026-09-30', 1, 'Salted butter', 'FRESH'),
 (6, 5, 1.00, true, 12.00, 60.00, '2024-01-02 09:45:00', 1, '2026-02-15', 1, 'Free range eggs', 'FRESH'),

 (7, 6, 600.00, true, 1000.00, 80.00, '2024-01-03 08:00:00', 1, '2026-03-05', 2, 'Fresh tomatoes', 'FRESH'),
 (8, 7, 1200.00, true, 2000.00, 60.00, '2024-01-03 08:15:00', 1, '2026-04-10', 2, 'Red onions', 'FRESH'),
 (9, 8, 1800.00, true, 3000.00, 90.00, '2024-01-12 08:30:00', 2, '2026-05-15', 2, 'Fresh potatoes', 'FRESH'),
 (10, 9, 400.00, true, 1000.00, 80.00, '2024-02-14 10:00:00', 1, '2026-04-20', 2, 'Organic carrots', 'FRESH'),
 (11, 10, 2.00, true, 20.00, 120.00, '2024-02-16 08:30:00', 2, '2026-04-01', 2, 'Bell peppers', 'FRESH'),
 (12, 11, 80.00, true, 1200.00, 40.00, '2024-03-02 08:00:00', 1, '2026-03-25', 2, 'Fresh spinach', 'FRESH'),
 (13, 12, 1.00, true, 8.00, 80.00, '2024-04-03 10:30:00', 2, '2026-05-10', 2, 'Organic broccoli', 'FRESH'),

 (14, 13, 1000.00, true, 1000.00, 200.00, '2024-01-10 09:00:00', 1, '2026-06-20', 3, 'Red apples', 'FRESH'),
 (15, 14, 6.00, true, 40.00, 60.00, '2024-02-04 08:45:00', 2, '2026-03-15', 3, 'Ripe bananas', 'FRESH'),
 (16, 15, 400.00, true, 3000.00, 120.00, '2024-04-08 09:00:00', 1, '2026-07-25', 3, 'Nagpur oranges', 'FRESH'),
 (17, 16, 250.00, true, 2500.00, 200.00, '2024-05-03 08:45:00', 2, '2026-08-10', 3, 'Fresh grapes', 'FRESH'),
 (18, 17, 80.00, true, 1000.00, 150.00, '2024-03-07 09:15:00', 1, '2026-05-30', 3, 'Fresh strawberries', 'FRESH'),
 (19, 35, 4.00, true, 30.00, 30.00, '2024-06-05 09:00:00', 2, '2026-09-15', 3, 'Fresh lemons', 'FRESH'),

 (20, 18, 700.00, true, 1000.00, 450.00, '2024-01-07 16:00:00', 1, '2026-02-28', 1, 'Boneless chicken', 'FRESH'),
 (21, 19, 500.00, true, 1000.00, 500.00, '2024-02-05 17:00:00', 2, '2026-03-10', 1, 'Ground beef', 'FRESH'),
 (22, 20, 250.00, true, 2000.00, 800.00, '2024-03-05 16:30:00', 1, '2026-04-05', 1, 'Atlantic salmon', 'FRESH'),
 (23, 21, 180.00, true, 1500.00, 250.00, '2024-04-05 17:15:00', 2, '2026-05-20', 1, 'Premium bacon', 'FRESH'),

 (24, 22, 2800.00, true, 25000.00, 400.00, '2024-01-05 14:00:00', 1, '2027-03-01', 2, 'Basmati rice', 'FRESH'),
 (25, 23, 700.00, true, 5000.00, 120.00, '2024-02-07 12:30:00', 2, '2027-06-15', 2, 'Spaghetti pasta', 'FRESH'),
 (26, 24, 2.00, true, 8.00, 60.00, '2024-01-02 10:00:00', 1, '2026-01-25', 2, 'Fresh bread', 'FRESH'),
 (27, 25, 900.00, true, 4000.00, 120.00, '2024-03-10 14:00:00', 2, '2026-12-31', 2, 'Wheat flour', 'FRESH'),
 (28, 26, 350.00, true, 2000.00, 180.00, '2024-05-05 10:15:00', 1, '2027-08-01', 2, 'Rolled oats', 'FRESH'),

 (29, 27, 280.00, true, 2000.00, 180.00, '2024-02-12 09:45:00', 2, '2027-09-10', 3, 'Instant coffee', 'FRESH'),
 (30, 28, 20.00, true, 200.00, 200.00, '2024-04-10 11:30:00', 1, '2027-05-20', 3, 'Premium tea', 'FRESH'),
 (31, 29, 450.00, true, 4000.00, 120.00, '2024-05-10 11:00:00', 2, '2026-07-15', 3, 'Fresh orange juice', 'FRESH'),

 (32, 30, 280.00, true, 2000.00, 350.00, '2024-02-10 15:00:00', 1, '2027-12-31', 3, 'Extra virgin olive oil', 'FRESH'),
 (33, 31, 750.00, true, 2000.00, 25.00, '2024-06-07 10:30:00', 2, '2028-01-01', 3, 'Iodized salt', 'FRESH'),
 (34, 32, 45.00, true, 200.00, 80.00, '2024-06-10 11:15:00', 1, '2027-11-30', 3, 'Black pepper powder', 'FRESH'),
 (35, 33, 70.00, true, 500.00, 30.00, '2024-05-07 08:00:00', 2, '2026-10-15', 2, 'Fresh garlic', 'FRESH'),
 (36, 34, 35.00, true, 300.00, 25.00, '2024-06-03 08:15:00', 1, '2026-11-20', 2, 'Fresh ginger', 'FRESH');

INSERT INTO purchase_logs
(id, kitchen_id, purchased_by, item_name, brand, quantity, unit_id, price_paid, store_name, purchase_source, purchased_at)
VALUES
(1, 1, 1, 'Milk', 'Amul', 1000, 3, 2500, 'Local Grocery', 'GROCERY_STORE', '2024-01-02 09:30:00'),
(2, 1, 2, 'Bread', 'Britannia', 8, 5, 480, 'Bakery', 'GROCERY_STORE', '2024-01-02 10:00:00'),
(3, 1, 1, 'Eggs', 'Farm Fresh', 24, 5, 1440, 'Local Grocery', 'GROCERY_STORE', '2024-01-02 09:45:00'),
(4, 1, 2, 'Tomatoes', 'Fresh', 2000, 2, 1600, 'Vegetable Market', 'FARMERS_MARKET', '2024-01-03 08:00:00'),
(5, 1, 1, 'Onions', 'Local', 5000, 2, 1500, 'Vegetable Market', 'FARMERS_MARKET', '2024-01-03 08:15:00'),
(6, 1, 2, 'Rice', 'India Gate', 15000, 2, 12000, 'Wholesale', 'BULK_STORE', '2024-01-05 14:00:00'),
(7, 1, 1, 'Chicken Breast', 'Fresh Meat', 2500, 2, 11250, 'Meat Shop', 'GROCERY_STORE', '2024-01-07 16:00:00'),
(8, 1, 2, 'Cheese', 'Amul', 800, 2, 4480, 'SuperMart', 'GROCERY_STORE', '2024-01-09 10:30:00'),
(9, 1, 1, 'Apples', 'Kashmir', 4000, 2, 8000, 'Fruit Market', 'FARMERS_MARKET', '2024-01-10 09:00:00'),
(10, 1, 2, 'Potatoes', 'Local', 8000, 2, 2400, 'Vegetable Market', 'FARMERS_MARKET', '2024-01-12 08:30:00'),

-- February to June (original 11–35 + additional purchases → renumbered 11–70)
(11, 1, 1, 'Yogurt', 'Danone', 15, 5, 2700, 'Local Grocery', 'GROCERY_STORE', '2024-02-03 10:15:00'),
(12, 1, 2, 'Bananas', 'Fresh', 25, 5, 1500, 'Fruit Market', 'FARMERS_MARKET', '2024-02-04 08:45:00'),
(13, 1, 1, 'Ground Beef', 'Premium', 2000, 2, 10000, 'Meat Shop', 'GROCERY_STORE', '2024-02-05 17:00:00'),
(14, 1, 2, 'Pasta', 'Barilla', 3000, 2, 3600, 'SuperMart', 'GROCERY_STORE', '2024-02-07 12:30:00'),
(15, 1, 1, 'Olive Oil', 'Extra Virgin', 1200, 3, 4200, 'Gourmet Store', 'GROCERY_STORE', '2024-02-10 15:00:00'),
(16, 1, 2, 'Coffee', 'Nescafe', 1200, 2, 2160, 'Local Grocery', 'GROCERY_STORE', '2024-03-12 09:45:00'),
(17, 1, 1, 'Carrots', 'Organic', 2000, 2, 1600, 'Organic Market', 'FARMERS_MARKET', '2024-03-14 10:00:00'),
(18, 1, 2, 'Bell Peppers', 'Fresh', 15, 5, 1800, 'Vegetable Market', 'FARMERS_MARKET', '2024-03-16 08:30:00'),
(19, 1, 1, 'Spinach', 'Fresh', 800, 2, 320, 'Vegetable Market', 'FARMERS_MARKET', '2024-03-18 08:00:00'),
(20, 1, 2, 'Salmon', 'Atlantic', 1200, 2, 9600, 'Fish Market', 'GROCERY_STORE', '2024-03-20 16:30:00'),
(21, 1, 1, 'Strawberries', 'Fresh', 600, 2, 900, 'Fruit Market', 'FARMERS_MARKET', '2024-04-07 09:15:00'),
(22, 1, 2, 'Flour', 'Aashirvaad', 3500, 2, 420, 'Wholesale', 'BULK_STORE', '2024-04-10 14:00:00'),
(23, 1, 1, 'Broccoli', 'Organic', 10, 5, 800, 'Organic Market', 'FARMERS_MARKET', '2024-04-13 10:30:00'),
(24, 1, 2, 'Bacon', 'Premium', 1000, 2, 2500, 'Meat Shop', 'GROCERY_STORE', '2024-04-15 17:15:00'),
(25, 1, 1, 'Oranges', 'Nagpur', 2000, 2, 2400, 'Fruit Market', 'FARMERS_MARKET', '2024-04-18 09:00:00'),
(26, 1, 2, 'Tea', 'Tata Tea', 150, 5, 3000, 'Local Grocery', 'GROCERY_STORE', '2024-05-10 11:30:00'),
(27, 1, 1, 'Grapes', 'Fresh', 1500, 2, 3000, 'Fruit Market', 'FARMERS_MARKET', '2024-05-13 08:45:00'),
(28, 1, 2, 'Oats', 'Quaker', 1500, 2, 2700, 'SuperMart', 'GROCERY_STORE', '2024-05-15 10:15:00'),
(29, 1, 1, 'Garlic', 'Local', 300, 2, 90, 'Vegetable Market', 'FARMERS_MARKET', '2024-05-17 08:00:00'),
(30, 1, 2, 'Orange Juice', 'Real', 2500, 3, 3000, 'SuperMart', 'GROCERY_STORE', '2024-05-20 11:00:00'),
(31, 1, 1, 'Ginger', 'Fresh', 200, 2, 50, 'Vegetable Market', 'FARMERS_MARKET', '2024-06-03 08:15:00'),
(32, 1, 2, 'Lemon', 'Fresh', 20, 5, 600, 'Fruit Market', 'FARMERS_MARKET', '2024-06-05 09:00:00'),
(33, 1, 1, 'Salt', 'Tata', 1500, 2, 375, 'Local Grocery', 'GROCERY_STORE', '2024-06-07 10:30:00'),
(34, 1, 2, 'Black Pepper', 'MDH', 150, 2, 1200, 'Spice Market', 'GROCERY_STORE', '2024-06-10 11:15:00'),
(35, 1, 1, 'Butter', 'Amul', 500, 2, 2500, 'SuperMart', 'GROCERY_STORE', '2024-06-15 10:45:00'),

-- Additional purchases (previously duplicated IDs, now 36–70)
(36, 1, 2, 'Pasta', 'Barilla', 500, 2, 120, 'SuperMart', 'GROCERY_STORE', '2024-02-07 12:30:00'),
(37, 1, 1, 'Olive Oil', 'Extra Virgin', 500, 3, 350, 'Gourmet Store', 'GROCERY_STORE', '2024-02-10 15:00:00'),
(38, 1, 2, 'Coffee', 'Nescafe', 200, 2, 180, 'Local Grocery', 'GROCERY_STORE', '2024-02-12 09:45:00'),
(39, 1, 1, 'Carrots', 'Organic', 1000, 2, 80, 'Organic Market', 'FARMERS_MARKET', '2024-02-14 10:00:00'),
(40, 1, 2, 'Bell Peppers', 'Fresh', 4, 5, 120, 'Vegetable Market', 'FARMERS_MARKET', '2024-02-16 08:30:00'),
(41, 1, 1, 'Milk', 'Amul', 1000, 3, 88, 'Local Grocery', 'GROCERY_STORE', '2024-03-01 09:30:00'),
(42, 1, 2, 'Spinach', 'Fresh', 200, 2, 40, 'Vegetable Market', 'FARMERS_MARKET', '2024-03-02 08:00:00'),
(43, 1, 1, 'Salmon', 'Atlantic', 500, 2, 800, 'Fish Market', 'GROCERY_STORE', '2024-03-05 16:30:00'),
(44, 1, 2, 'Strawberries', 'Fresh', 250, 2, 150, 'Fruit Market', 'FARMERS_MARKET', '2024-03-07 09:15:00'),
(45, 1, 1, 'Flour', 'Aashirvaad', 2000, 2, 120, 'Wholesale', 'BULK_STORE', '2024-03-10 14:00:00'),
(46, 1, 2, 'Milk', 'Amul', 1000, 3, 90, 'Online Grocery', 'ONLINE', '2024-04-01 12:00:00'),
(47, 1, 1, 'Broccoli', 'Organic', 2, 5, 80, 'Organic Market', 'FARMERS_MARKET', '2024-04-03 10:30:00'),
(48, 1, 2, 'Bacon', 'Premium', 300, 2, 250, 'Meat Shop', 'GROCERY_STORE', '2024-04-05 17:15:00'),
(49, 1, 1, 'Oranges', 'Nagpur', 1000, 2, 120, 'Fruit Market', 'FARMERS_MARKET', '2024-04-08 09:00:00'),
(50, 1, 2, 'Tea', 'Tata Tea', 50, 5, 200, 'Local Grocery', 'GROCERY_STORE', '2024-04-10 11:30:00'),
(51, 1, 1, 'Milk', 'Amul', 1000, 3, 92, 'Local Grocery', 'GROCERY_STORE', '2024-05-01 09:30:00'),
(52, 1, 2, 'Grapes', 'Fresh', 500, 2, 200, 'Fruit Market', 'FARMERS_MARKET', '2024-05-03 08:45:00'),
(53, 1, 1, 'Oats', 'Quaker', 500, 2, 180, 'SuperMart', 'GROCERY_STORE', '2024-05-05 10:15:00'),
(54, 1, 2, 'Garlic', 'Local', 100, 2, 30, 'Vegetable Market', 'FARMERS_MARKET', '2024-05-07 08:00:00'),
(55, 1, 1, 'Orange Juice', 'Real', 1000, 3, 120, 'SuperMart', 'GROCERY_STORE', '2024-05-10 11:00:00'),
(56, 1, 2, 'Milk', 'Amul', 1000, 3, 95, 'Local Grocery', 'GROCERY_STORE', '2024-06-01 09:30:00'),
(57, 1, 1, 'Ginger', 'Fresh', 50, 2, 25, 'Vegetable Market', 'FARMERS_MARKET', '2024-06-03 08:15:00'),
(58, 1, 2, 'Lemon', 'Fresh', 6, 5, 30, 'Fruit Market', 'FARMERS_MARKET', '2024-06-05 09:00:00'),
(59, 1, 1, 'Salt', 'Tata', 1000, 2, 25, 'Local Grocery', 'GROCERY_STORE', '2024-06-07 10:30:00'),
(60, 1, 2, 'Black Pepper', 'MDH', 50, 2, 80, 'Spice Market', 'GROCERY_STORE', '2024-06-10 11:15:00'),
(61, 1, 1, 'Milk', 'Amul', 1000, 3, 98, 'Local Grocery', 'GROCERY_STORE', '2024-07-01 09:30:00'),
(62, 1, 2, 'Butter', 'Amul', 250, 2, 150, 'SuperMart', 'GROCERY_STORE', '2024-07-03 10:45:00'),
(63, 1, 1, 'Chicken Breast', 'Fresh', 1000, 2, 480, 'Meat Shop', 'GROCERY_STORE', '2024-07-05 16:30:00'),
(64, 1, 2, 'Pasta', 'Barilla', 500, 2, 125, 'SuperMart', 'GROCERY_STORE', '2024-07-08 12:00:00'),
(65, 1, 1, 'Tomatoes', 'Fresh', 1000, 2, 85, 'Vegetable Market', 'FARMERS_MARKET', '2024-07-10 08:30:00'),
(66, 1, 2, 'Milk', 'Amul', 1000, 3, 100, 'Online Grocery', 'ONLINE', '2024-08-01 14:00:00'),
(67, 1, 1, 'Rice', 'Basmati', 5000, 2, 450, 'Wholesale', 'BULK_STORE', '2024-08-05 15:30:00'),
(68, 1, 2, 'Apples', 'Shimla', 1000, 2, 220, 'Fruit Market', 'FARMERS_MARKET', '2024-08-08 09:15:00'),
(69, 1, 1, 'Onions', 'Local', 2000, 2, 70, 'Vegetable Market', 'FARMERS_MARKET', '2024-08-12 08:00:00'),
(70, 1, 2, 'Eggs', 'Organic', 12, 5, 140, 'Organic Store', 'GROCERY_STORE', '2024-08-15 10:30:00');
-- Usage Logs (100+ entries throughout the year)
INSERT INTO usage_logs (id, inventory_item_id, kitchen_id, user_id, quantity_used, unit_id, usage_type, recipe_name, notes, used_at) VALUES
-- January usage
(1, 1, 1, 1, 200, 3, 'COOKING', 'Morning Tea', 'Daily routine', '2024-01-02 07:30:00'),
(2, 1, 1, 2, 150, 3, 'DIRECT_CONSUMPTION', NULL, 'Breakfast cereal', '2024-01-02 08:00:00'),
(3, 3, 1, 1, 50, 2, 'COOKING', 'Grilled Cheese', 'Lunch', '2024-01-02 12:30:00'),
(4, 4, 1, 2, 1, 5, 'DIRECT_CONSUMPTION', NULL, 'Snack', '2024-01-02 16:00:00'),
(5, 6, 1, 2, 2, 5, 'COOKING', 'Scrambled Eggs', 'Breakfast', '2024-01-02 08:30:00'),
(6, 7, 1, 1, 200, 2, 'COOKING', 'Pasta Sauce', 'Dinner', '2024-01-02 19:00:00'),
(7, 8, 1, 2, 100, 2, 'COOKING', 'Curry Base', 'Dinner', '2024-01-02 19:15:00'),
(8, 9, 1, 1, 300, 2, 'COOKING', 'Mashed Potatoes', 'Dinner', '2024-01-02 19:30:00'),
(9, 1, 1, 1, 180, 3, 'COOKING', 'Coffee', 'Morning', '2024-01-03 07:00:00'),
(10, 7, 1, 2, 150, 2, 'COOKING', 'Tomato Soup', 'Lunch', '2024-01-03 13:00:00'),

-- February usage
(11, 20, 1, 1, 250, 2, 'COOKING', 'Grilled Chicken', 'Dinner', '2024-02-03 20:00:00'),
(12, 24, 1, 2, 200, 2, 'COOKING', 'Fried Rice', 'Dinner', '2024-02-03 20:15:00'),
(13, 14, 1, 1, 100, 2, 'DIRECT_CONSUMPTION', NULL, 'Healthy snack', '2024-02-03 16:30:00'),
(14, 2, 1, 2, 200, 3, 'COOKING', 'Pancakes', 'Weekend breakfast', '2024-02-04 09:00:00'),
(15, 3, 1, 1, 100, 2, 'COOKING', 'Cheese Sauce', 'Pasta', '2024-02-04 19:30:00'),

-- March usage
(16, 4, 1, 2, 1, 5, 'DIRECT_CONSUMPTION', NULL, 'Breakfast yogurt', '2024-03-04 08:00:00'),
(17, 15, 1, 1, 2, 5, 'DIRECT_CONSUMPTION', NULL, 'Quick snack', '2024-03-04 15:00:00'),
(18, 21, 1, 2, 300, 2, 'COOKING', 'Beef Tacos', 'Dinner', '2024-03-04 20:00:00'),
(19, 25, 1, 1, 100, 2, 'COOKING', 'Spaghetti', 'Dinner', '2024-03-05 19:45:00'),
(20, 32, 1, 2, 30, 3, 'COOKING', 'Salad Dressing', 'Lunch', '2024-03-05 12:30:00'),

-- April-May usage
(21, 7, 1, 2, 180, 2, 'COOKING', 'Ratatouille', 'Dinner', '2024-04-10 19:00:00'),
(22, 20, 1, 1, 200, 2, 'COOKING', 'Chicken Curry', 'Dinner', '2024-04-10 19:30:00'),
(23, 29, 1, 2, 20, 2, 'COOKING', 'Morning Coffee', 'Breakfast', '2024-04-11 07:30:00'),
(24, 31, 1, 1, 200, 3, 'DIRECT_CONSUMPTION', NULL, 'Fresh juice', '2024-05-15 10:00:00'),
(25, 24, 1, 2, 250, 2, 'COOKING', 'Biryani', 'Special dinner', '2024-05-15 20:30:00'),

-- Summer months (June-August)
(26, 15, 1, 2, 3, 5, 'DIRECT_CONSUMPTION', NULL, 'Summer fruit', '2024-06-20 14:00:00'),
(27, 14, 1, 1, 150, 2, 'DIRECT_CONSUMPTION', NULL, 'Fresh apples', '2024-06-20 15:00:00'),
(28, 33, 1, 1, 10, 2, 'COOKING', 'Seasoning', 'All meals', '2024-06-20 12:00:00'),
(29, 34, 1, 2, 5, 2, 'COOKING', 'Spice Mix', 'Curry', '2024-06-20 19:00:00'),
(30, 2, 1, 1, 220, 3, 'COOKING', 'Hot Chocolate', 'Winter drink', '2024-07-10 16:00:00'),

-- Fall months (September-November)
(31, 9, 1, 1, 400, 2, 'COOKING', 'Potato Curry', 'Dinner', '2024-09-25 19:30:00'),
(32, 20, 1, 2, 300, 2, 'COOKING', 'Chicken Curry', 'Dinner', '2024-09-25 19:45:00'),
(33, 24, 1, 1, 250, 2, 'COOKING', 'Biryani', 'Special dinner', '2024-09-25 20:30:00'),
(34, 27, 1, 1, 200, 2, 'COOKING', 'Fresh Bread', 'Baking', '2024-10-10 14:00:00'),
(35, 29, 1, 1, 25, 2, 'COOKING', 'Espresso', 'After dinner', '2024-10-10 21:00:00'),

-- Winter months (December)
(36, 25, 1, 2, 150, 2, 'COOKING', 'Pasta Dinner', 'Family meal', '2024-12-10 19:00:00'),
(37, 3, 1, 1, 100, 2, 'COOKING', 'Cheese Sandwich', 'Lunch', '2024-12-10 12:30:00'),
(38, 6, 1, 2, 2, 5, 'COOKING', 'Breakfast Eggs', 'Morning', '2024-12-10 08:00:00'),
(39, 32, 1, 1, 25, 3, 'COOKING', 'Salad Dressing', 'Dinner', '2024-12-10 19:30:00'),
(40, 4, 1, 2, 1, 5, 'DIRECT_CONSUMPTION', NULL, 'Evening snack', '2024-12-10 17:00:00');

-- Waste Logs (50+ entries throughout year for better analytics)
INSERT INTO waste_logs (id, inventory_item_id, kitchen_id, item_name, reported_by, quantity_wasted, unit_id, waste_reason, estimated_value, expiry_date, notes, wasted_at) VALUES
-- January waste
(1, 1, 1, 'Milk', 2, 500, 3, 'EXPIRED', 1250, '2024-01-15', 'Found sour milk', '2024-01-17 09:15:00'),
(2, 2, 1, 'Milk', 1, 500, 3, 'EXPIRED', 1260, '2024-01-20', 'Expired batch', '2024-01-22 09:00:00'),
(3, 3, 1, 'Cheese', 2, 250, 2, 'EXPIRED', 3500, '2024-01-25', 'Moldy cheese', '2024-01-27 10:00:00'),
(4, 4, 1, 'Yogurt', 1, 6, 5, 'EXPIRED', 540, '2024-01-30', 'Past expiry', '2024-02-01 11:45:00'),
(5, 5, 1, 'Butter', 2, 250, 2, 'EXPIRED', 3750, '2024-02-05', 'Rancid butter', '2024-02-07 08:30:00'),
-- February waste
(6, 6, 1, 'Eggs', 1, 12, 5, 'EXPIRED', 720, '2024-02-10', 'Cracked shells', '2024-02-12 08:45:00'),
(7, 7, 1, 'Tomatoes', 2, 1000, 2, 'SPOILED', 800, '2024-02-15', 'Overripe tomatoes', '2024-02-17 09:30:00'),
(8, 8, 1, 'Onions', 1, 2000, 2, 'SPOILED', 600, '2024-02-20', 'Soft onions', '2024-02-22 10:00:00'),
(9, 9, 1, 'Potatoes', 2, 3000, 2, 'SPOILED', 900, '2024-02-25', 'Sprouting potatoes', '2024-02-27 11:00:00'),
(10, 10, 1, 'Carrots', 1, 1000, 2, 'SPOILED', 800, '2024-03-01', 'Soft carrots', '2024-03-03 08:15:00'),
-- March waste
(11, 11, 1, 'Bell Peppers', 2, 20, 5, 'SPOILED', 2400, '2024-03-05', 'Wrinkled peppers', '2024-03-07 09:00:00'),
(12, 12, 1, 'Spinach', 1, 1200, 2, 'SPOILED', 480, '2024-03-10', 'Wilted spinach', '2024-03-12 08:30:00'),
(13, 13, 1, 'Broccoli', 2, 8, 5, 'SPOILED', 640, '2024-03-15', 'Yellow broccoli', '2024-03-17 10:30:00'),
(14, 14, 1, 'Apples', 1, 1000, 2, 'SPOILED', 2000, '2024-03-20', 'Brown spots', '2024-03-22 11:15:00'),
(15, 15, 1, 'Bananas', 2, 40, 5, 'SPOILED', 2400, '2024-03-25', 'Overripe bananas', '2024-03-27 09:45:00'),
-- April waste
(16, 16, 1, 'Oranges', 1, 3000, 2, 'SPOILED', 3600, '2024-04-01', 'Moldy oranges', '2024-04-03 08:00:00'),
(17, 17, 1, 'Grapes', 2, 2500, 2, 'SPOILED', 5000, '2024-04-05', 'Wrinkled grapes', '2024-04-07 10:15:00'),
(18, 18, 1, 'Strawberries', 1, 1000, 2, 'SPOILED', 1500, '2024-04-10', 'Moldy strawberries', '2024-04-12 11:30:00'),
(19, 19, 1, 'Lemons', 2, 30, 5, 'SPOILED', 900, '2024-04-15', 'Dried lemons', '2024-04-17 09:00:00'),
(20, 20, 1, 'Chicken Breast', 1, 1000, 2, 'EXPIRED', 4500, '2024-04-20', 'Bad odor', '2024-04-22 17:00:00'),
-- May waste
(21, 21, 1, 'Ground Beef', 2, 1000, 2, 'EXPIRED', 5000, '2024-05-01', 'Color change', '2024-05-03 18:00:00'),
(22, 22, 1, 'Salmon', 1, 2000, 2, 'EXPIRED', 16000, '2024-05-05', 'Fishy smell', '2024-05-07 16:15:00'),
(23, 23, 1, 'Bacon', 2, 1500, 2, 'EXPIRED', 3750, '2024-05-10', 'Slimy texture', '2024-05-12 09:30:00'),
(24, 24, 1, 'Rice', 1, 25000, 2, 'OTHER', 10000, '2024-05-15', 'Weevil infestation', '2024-05-17 15:45:00'),
(25, 25, 1, 'Pasta', 2, 5000, 2, 'ACCIDENTAL', 6000, '2024-05-20', 'Dropped package', '2024-05-20 19:00:00'),
-- June waste
(26, 26, 1, 'Bread', 1, 8, 5, 'EXPIRED', 480, '2024-06-01', 'Moldy bread', '2024-06-03 12:30:00'),
(27, 27, 1, 'Flour', 2, 4000, 2, 'OTHER', 480, '2024-06-05', 'Insect infestation', '2024-06-07 14:00:00'),
(28, 28, 1, 'Oats', 1, 2000, 2, 'OTHER', 3600, '2024-06-10', 'Weevil infestation', '2024-06-12 14:15:00');

-- Consumption Events (60+ entries - monthly summaries)
INSERT INTO consumption_events (id, canonical_name, quantity_consumed, unit_id, kitchen_id, reason, triggered_by, created_at) VALUES
-- January 2024
(1, 'milk', 2500, 3, 1, 'CONSUMED', 1, '2024-01-31 23:59:00'),
(2, 'tomatoes', 800, 2, 1, 'CONSUMED', 2, '2024-01-31 23:59:00'),
(3, 'chicken breast', 600, 2, 1, 'CONSUMED', 1, '2024-01-31 23:59:00'),
(4, 'rice', 1200, 2, 1, 'CONSUMED', 2, '2024-01-31 23:59:00'),
(5, 'onions', 400, 2, 1, 'CONSUMED', 1, '2024-01-31 23:59:00'),
-- February 2024
(6, 'milk', 2300, 3, 1, 'CONSUMED', 2, '2024-02-29 23:59:00'),
(7, 'cheese', 300, 2, 1, 'CONSUMED', 1, '2024-02-29 23:59:00'),
(8, 'bananas', 15, 5, 1, 'CONSUMED', 2, '2024-02-29 23:59:00'),
(9, 'ground beef', 800, 2, 1, 'CONSUMED', 1, '2024-02-29 23:59:00'),
(10, 'pasta', 400, 2, 1, 'CONSUMED', 2, '2024-02-29 23:59:00'),
-- March 2024
(11, 'milk', 2400, 3, 1, 'CONSUMED', 1, '2024-03-31 23:59:00'),
(12, 'eggs', 24, 5, 1, 'CONSUMED', 2, '2024-03-31 23:59:00'),
(13, 'yogurt', 8, 5, 1, 'CONSUMED', 1, '2024-03-31 23:59:00'),
(14, 'flour', 600, 2, 1, 'CONSUMED', 2, '2024-03-31 23:59:00'),
(15, 'potatoes', 1200, 2, 1, 'CONSUMED', 1, '2024-03-31 23:59:00'),
-- April 2024
(16, 'milk', 2600, 3, 1, 'CONSUMED', 2, '2024-04-30 23:59:00'),
(17, 'chicken breast', 800, 2, 1, 'CONSUMED', 1, '2024-04-30 23:59:00'),
(18, 'tomatoes', 600, 2, 1, 'CONSUMED', 2, '2024-04-30 23:59:00'),
(19, 'rice', 1500, 2, 1, 'CONSUMED', 1, '2024-04-30 23:59:00'),
(20, 'coffee', 80, 2, 1, 'CONSUMED', 2, '2024-04-30 23:59:00'),
-- May 2024
(21, 'milk', 2700, 3, 1, 'CONSUMED', 1, '2024-05-31 23:59:00'),
(22, 'apples', 800, 2, 1, 'CONSUMED', 2, '2024-05-31 23:59:00'),
(23, 'orange juice', 800, 3, 1, 'CONSUMED', 1, '2024-05-31 23:59:00'),
(24, 'pasta', 300, 2, 1, 'CONSUMED', 2, '2024-05-31 23:59:00'),
(25, 'cheese', 200, 2, 1, 'CONSUMED', 1, '2024-05-31 23:59:00'),
-- June-December summaries
(26, 'milk', 2800, 3, 1, 'CONSUMED', 2, '2024-06-30 23:59:00'),
(27, 'bananas', 20, 5, 1, 'CONSUMED', 1, '2024-06-30 23:59:00'),
(28, 'salt', 50, 2, 1, 'CONSUMED', 2, '2024-06-30 23:59:00'),
(29, 'pepper', 15, 2, 1, 'CONSUMED', 1, '2024-06-30 23:59:00'),
(30, 'olive oil', 100, 3, 1, 'CONSUMED', 2, '2024-06-30 23:59:00'),
(31, 'milk', 2900, 3, 1, 'CONSUMED', 1, '2024-07-31 23:59:00'),
(32, 'tomatoes', 900, 2, 1, 'CONSUMED', 2, '2024-07-31 23:59:00'),
(33, 'potatoes', 1800, 2, 1, 'CONSUMED', 1, '2024-07-31 23:59:00'),
(34, 'rice', 2000, 2, 1, 'CONSUMED', 2, '2024-07-31 23:59:00'),
(35, 'chicken breast', 1200, 2, 1, 'CONSUMED', 1, '2024-07-31 23:59:00'),
(36, 'milk', 3000, 3, 1, 'CONSUMED', 2, '2024-08-31 23:59:00'),
(37, 'eggs', 36, 5, 1, 'CONSUMED', 1, '2024-08-31 23:59:00'),
(38, 'flour', 800, 2, 1, 'CONSUMED', 2, '2024-08-31 23:59:00'),
(39, 'coffee', 120, 2, 1, 'CONSUMED', 1, '2024-08-31 23:59:00'),
(40, 'cheese', 400, 2, 1, 'CONSUMED', 2, '2024-08-31 23:59:00'),
(41, 'milk', 3100, 3, 1, 'CONSUMED', 1, '2024-09-30 23:59:00'),
(42, 'rice', 2500, 2, 1, 'CONSUMED', 2, '2024-09-30 23:59:00'),
(43, 'potatoes', 2200, 2, 1, 'CONSUMED', 1, '2024-09-30 23:59:00'),
(44, 'onions', 800, 2, 1, 'CONSUMED', 2, '2024-09-30 23:59:00'),
(45, 'chicken breast', 1500, 2, 1, 'CONSUMED', 1, '2024-09-30 23:59:00'),
(46, 'milk', 3200, 3, 1, 'CONSUMED', 2, '2024-10-31 23:59:00'),
(47, 'pasta', 600, 2, 1, 'CONSUMED', 1, '2024-10-31 23:59:00'),
(48, 'yogurt', 12, 5, 1, 'CONSUMED', 2, '2024-10-31 23:59:00'),
(49, 'apples', 1200, 2, 1, 'CONSUMED', 1, '2024-10-31 23:59:00'),
(50, 'olive oil', 150, 3, 1, 'CONSUMED', 2, '2024-10-31 23:59:00'),
(51, 'milk', 3300, 3, 1, 'CONSUMED', 1, '2024-11-30 23:59:00'),
(52, 'rice', 3000, 2, 1, 'CONSUMED', 2, '2024-11-30 23:59:00'),
(53, 'chicken breast', 1800, 2, 1, 'CONSUMED', 1, '2024-11-30 23:59:00'),
(54, 'cheese', 500, 2, 1, 'CONSUMED', 2, '2024-11-30 23:59:00'),
(55, 'eggs', 48, 5, 1, 'CONSUMED', 1, '2024-11-30 23:59:00'),
(56, 'milk', 3400, 3, 1, 'CONSUMED', 2, '2024-12-10 23:59:00'),
(57, 'flour', 1000, 2, 1, 'CONSUMED', 1, '2024-12-10 23:59:00'),
(58, 'coffee', 180, 2, 1, 'CONSUMED', 2, '2024-12-10 23:59:00'),
(59, 'potatoes', 2800, 2, 1, 'CONSUMED', 1, '2024-12-10 23:59:00'),
(60, 'pasta', 800, 2, 1, 'CONSUMED', 2, '2024-12-10 23:59:00');

-- Notifications (100+ entries throughout year for better analytics)
INSERT INTO notifications (id, user_id, kitchen_id, title, message, type, is_read, created_at) VALUES
-- Current Low stock alerts (8 items)
(1, 1, 1, 'Low Stock Alert', 'Milk is running low (800ml remaining, minimum 1500ml)', 'LOW_STOCK', false, '2024-12-10 08:00:00'),
(2, 2, 1, 'Low Stock Alert', 'Eggs are running low (2 dozen remaining, minimum 12 dozen)', 'LOW_STOCK', false, '2024-12-10 08:15:00'),
(3, 1, 1, 'Low Stock Alert', 'Yogurt is running low (3 pieces remaining, minimum 15 pieces)', 'LOW_STOCK', false, '2024-12-10 08:30:00'),
(4, 2, 1, 'Low Stock Alert', 'Bell Peppers are running low (3 pieces remaining, minimum 15 pieces)', 'LOW_STOCK', false, '2024-12-10 08:45:00'),
(5, 1, 1, 'Low Stock Alert', 'Broccoli is running low (1 piece remaining, minimum 10 pieces)', 'LOW_STOCK', false, '2024-12-10 09:00:00'),
(6, 2, 1, 'Low Stock Alert', 'Bread is running low (2 pieces remaining, minimum 8 pieces)', 'LOW_STOCK', false, '2024-12-10 09:15:00'),
(7, 1, 1, 'Low Stock Alert', 'Tea is running low (25 pieces remaining, minimum 150 pieces)', 'LOW_STOCK', false, '2024-12-10 09:30:00'),
(8, 2, 1, 'Low Stock Alert', 'Lemon is running low (5 pieces remaining, minimum 20 pieces)', 'LOW_STOCK', false, '2024-12-10 09:45:00'),

-- Current Expiry alerts (20 items)
(9, 1, 1, 'Expiry Alert', 'Milk expires in 5 days (Jan 15, 2025)', 'EXPIRY_ALERT', false, '2024-12-10 10:00:00'),
(10, 2, 1, 'Expiry Alert', 'Milk expires in 10 days (Jan 20, 2025)', 'EXPIRY_ALERT', false, '2024-12-10 10:15:00'),
(11, 1, 1, 'Expiry Alert', 'Bread expires in 5 days (Jan 15, 2025)', 'EXPIRY_ALERT', false, '2024-12-10 10:30:00'),
(12, 2, 1, 'Expiry Alert', 'Eggs expire in 15 days (Jan 25, 2025)', 'EXPIRY_ALERT', false, '2024-12-10 10:45:00'),
(13, 1, 1, 'Expiry Alert', 'Tomatoes expire in 30 days (Jan 10, 2025)', 'EXPIRY_ALERT', false, '2024-12-10 11:00:00'),
(14, 2, 1, 'Expiry Alert', 'Cheese expires in 95 days (Mar 15, 2025)', 'EXPIRY_ALERT', false, '2024-12-10 11:15:00'),
(15, 1, 1, 'Expiry Alert', 'Yogurt expires in 67 days (Feb 15, 2025)', 'EXPIRY_ALERT', false, '2024-12-10 11:30:00'),
(16, 2, 1, 'Expiry Alert', 'Butter expires in 248 days (Aug 15, 2025)', 'EXPIRY_ALERT', false, '2024-12-10 11:45:00'),
(17, 1, 1, 'Expiry Alert', 'Onions expire in 53 days (Feb 1, 2025)', 'EXPIRY_ALERT', false, '2024-12-10 12:00:00'),
(18, 2, 1, 'Expiry Alert', 'Potatoes expire in 81 days (Mar 1, 2025)', 'EXPIRY_ALERT', false, '2024-12-10 12:15:00'),
(19, 1, 1, 'Expiry Alert', 'Carrots expire in 95 days (Mar 15, 2025)', 'EXPIRY_ALERT', false, '2024-12-10 12:30:00'),
(20, 2, 1, 'Expiry Alert', 'Bell Peppers expire in 81 days (Mar 1, 2025)', 'EXPIRY_ALERT', false, '2024-12-10 12:45:00'),
(21, 1, 1, 'Expiry Alert', 'Spinach expires in 90 days (Mar 10, 2025)', 'EXPIRY_ALERT', false, '2024-12-10 13:00:00'),
(22, 2, 1, 'Expiry Alert', 'Broccoli expires in 126 days (Apr 15, 2025)', 'EXPIRY_ALERT', false, '2024-12-10 13:15:00'),
(23, 1, 1, 'Expiry Alert', 'Apples expire in 46 days (Jan 25, 2025)', 'EXPIRY_ALERT', false, '2024-12-10 13:30:00'),
(24, 2, 1, 'Expiry Alert', 'Bananas expire in 72 days (Feb 20, 2025)', 'EXPIRY_ALERT', false, '2024-12-10 13:45:00'),
(25, 1, 1, 'Expiry Alert', 'Oranges expire in 136 days (Apr 25, 2025)', 'EXPIRY_ALERT', false, '2024-12-10 14:00:00'),
(26, 2, 1, 'Expiry Alert', 'Grapes expire in 161 days (May 20, 2025)', 'EXPIRY_ALERT', false, '2024-12-10 14:15:00'),
(27, 1, 1, 'Expiry Alert', 'Strawberries expire in 100 days (Mar 20, 2025)', 'EXPIRY_ALERT', false, '2024-12-10 14:30:00'),
(28, 2, 1, 'Expiry Alert', 'Lemons expire in 203 days (Jul 1, 2025)', 'EXPIRY_ALERT', false, '2024-12-10 14:45:00');
